Customer Id,Area,Reason,Classification,Invoice Number,Invoice Date,Currency,Amount,Has Iva,Comments
121693,AFTERMARKET,REBATE,SALES SHARE SHIFT,FAC-001,20/03/2026,MXN,1500,Y,Alta por lote
121693,AFTERMARKET,REBATE,SALES SHARE SHIFT,FAC-002,21/03/2026,USD,2000,N,Segunda solicitud
121693,AFTERMARKET,REBATE,SALES SHARE SHIFT,FAC-003,22/03/2026,MXN,3250.5,Y,Ajuste de precio
121693,AFTERMARKET,REBATE,SALES SHARE SHIFT,FAC-004,22/03/2026,MXN,1100,N,Devolucion parcial
121693,AFTERMARKET,REBATE,SALES SHARE SHIFT,FAC-005,23/03/2026,USD,450,Y,Error en factura
121693,AFTERMARKET,REBATE,SALES SHARE SHIFT,FAC-006,24/03/2026,MXN,8900,N,Garantia aplicada
121693,AFTERMARKET,REBATE,SALES SHARE SHIFT,FAC-007,24/03/2026,MXN,1200,Y,Nota de credito rutinaria
121693,AFTERMARKET,REBATE,SALES SHARE SHIFT,FAC-008,25/03/2026,USD,3100,N,Diferencia cambiaria
121693,AFTERMARKET,REBATE,SALES SHARE SHIFT,FAC-009,25/03/2026,MXN,550,Y,Correccion de datos
